pin,location,neighborhood,zone,in_city_advert_2026_09_16,assess_lotarea_sf,county_gis_area_sf,mbr_short_side_ft,mbr_long_side_ft,single_unit_path,two_unit_path,controlling_min_lot,pli_unique_casefiles,pli_open_or_in_court,pli_latest_event,condemned_record,upset_price,assessed_land_value,screen_outcome_prelim,why,demo_role,area_gap_pct,upset_to_assessed_land,zoning_polygon,rco_overlay,historic_district,slope25_layer,undermined_layer,fema_zone,streets_within_30ft,corner_status,base_setback_screen,score_use_0to2,score_dimensional_0to2,score_environment_0to2,ease_result,score_notes,area_gap_formula,landslide_prone_layer,hazard_families,evidence_coverage,evidence_coverage_definition,unresolved_checks
0015S00066000000,Michigan St,Beltzhoover,R2-H,Y,3000,3141,33,100,P (911.02),P,"1,200 sf (903.03.D)",3,1,2026-01-06,no,3168.93,1200,"Advance to staff review (conditional: slope, undermining, corner)",Conforming area in both sources; approx envelope 23 ft x 70 ft after 5/5 side and 15/15 front/rear setbacks; single and two-unit both by right,Conditional example (flags),5.0,2.6,R2-H,Beltzhoover Consensus Group,none,YES,YES,X,Estella Ave; Michigan St; Zelda Way; Arcadia Way,POSSIBLE corner (Estella Ave + Michigan St): verify,Illustrative only: interior 23x70 ft; if corner 13x70 ft (R2-H 15/15/15/5),2,1-2 (corner unverified),"0 (terrain, undermining)",3-4 of 6: Conditional,slope25 and undermined overlaps; possible corner,(county_gis_area_sf - assess_lotarea_sf) / assess_lotarea_sf,no,terrain; undermining,5/5,G1 assessment record AND County GIS polygon present; G2 district resolved AND use+dimensional rules encoded (or dimensions not applicable because no housing use is permitted); G3 all 4 screening layers queried; G4 PLI violations + condemned datasets queried; G5 parcel in City advertisement + sale regulations captured,
0131N00031000000,Benezet St,New Homestead,R1D-L,Y,5500,5327,49,111,P (911.02),Prohibited (R1),"3,000 sf (903.03.B)",0,0,,no,1433.76,1600,"Advance to staff review (HERO positive, pending corner check)","Clean-record, apparently lower-discretion example (not an acquisition recommendation). Conforming in both sources; interior envelope ~39x51 ft, ~14x51 ft if corner. Market demand and appraisal feasibility not evaluated.",HERO positive,-3.0,0.9,R1D-L,none found,none,no,no,X,Bronze St; Benezet Ave; Bench Way,POSSIBLE corner (Bronze St + Benezet Ave): verify,Illustrative only: interior 39x51 ft; if corner 14x51 ft (R1D-L 30/30/30/5),2 (single-unit),1-2 (corner unverified),2 (no family flagged in checked layers),5-6 of 6: Apparently lower-discretion (pending corner check),no overlaps in checked layers; weak land value is context only,(county_gis_area_sf - assess_lotarea_sf) / assess_lotarea_sf,no,none,5/5,G1 assessment record AND County GIS polygon present; G2 district resolved AND use+dimensional rules encoded (or dimensions not applicable because no housing use is permitted); G3 all 4 screening layers queried; G4 PLI violations + condemned datasets queried; G5 parcel in City advertisement + sale regulations captured,corner/frontage status; contextual setbacks (Ch. 925); survey; title; legal access; utilities; market demand/appraisal
0014N00100000000,Michigan St,Beltzhoover,R2-H,Y,2562,2633,27,100,P (911.02),P,"1,200 sf",1,0,2021-12-15,no,24083.84,3000,Advance to staff review (conditional),"Area conforms; approx 17 ft buildable width is tight; demolition lien $5,800 indicates a former structure",Narrow-lot contrast,3.0,8.0,R2-H,Beltzhoover Consensus Group,none,no,YES,X,Michigan St; Bolivar Way,likely interior (Michigan St + alley),Illustrative only: interior 17x70 ft (R2-H),2,1 (17 ft interior),1 (undermining),4 of 6: Conditional,narrow; undermined overlap; demolition lien,(county_gis_area_sf - assess_lotarea_sf) / assess_lotarea_sf,no,undermining,5/5,G1 assessment record AND County GIS polygon present; G2 district resolved AND use+dimensional rules encoded (or dimensions not applicable because no housing use is permitted); G3 all 4 screening layers queried; G4 PLI violations + condemned datasets queried; G5 parcel in City advertisement + sale regulations captured,
0050K00227000000,Dearborn St,Garfield,R1D-H,Y,2000,2019,20,101,P (911.02),Prohibited (use variance; Rockland Ave 96/2026 denied),"1,200 sf",4,1,2026-08-12,no,906.06,800,Advance to staff review (single-unit; dimensional check required),"Area conforms; 20 ft wide; interior envelope about 10 ft, near zero if corner; Rockland Ave decision is context, not a prediction","Rockland precedent card (app/README only, not in video)",1.0,1.1,R1D-H,Bloomfield-Garfield Corporation,none,no,no,X,N Winebiddle St; Dearborn St; Alhambra Way,POSSIBLE corner (N Winebiddle St + Dearborn St): verify,Illustrative only: interior 10x71 ft; if corner about 0 ft wide (R1D-H),2 (single-unit),0-1 (corner unverified),2 (no family flagged in checked layers),4 to 5 of 6: band spans Conditional to Apparently lower-discretion (corner unverified),20 ft width; possible corner,(county_gis_area_sf - assess_lotarea_sf) / assess_lotarea_sf,no,none,5/5,G1 assessment record AND County GIS polygon present; G2 district resolved AND use+dimensional rules encoded (or dimensions not applicable because no housing use is permitted); G3 all 4 screening layers queried; G4 PLI violations + condemned datasets queried; G5 parcel in City advertisement + sale regulations captured,
0010S00005000000,Centre Ave (0 Centre Ave; PLI lists 2514 Centre Ave),Terrace Village,RM-M,Y,1672,4305,25,176,"P, but lot conformity undetermined","P, but lot conformity undetermined","2,400 sf (903.03.C)",5,0,2025-01-02,"Active condemned/dead-end CASE associated with parcel (current site condition unverified): Condemned/Dead End, Active, created 2020-08-24, last inspection Fail",89930.41,600,Defer: missing or conflicting records (HERO refusal),"Assessment 1,672 sf vs County GIS 4,305 sf straddles the 2,400 sf minimum; assessment says VACANT LAND while PLI condemned list shows an active condemned/dead-end record at 2514 Centre Ave; 25 ft width leaves ~5 ft after RM-M 10/10 side setbacks",HERO refusal (three-way conflict),157.0,149.9,RM-M,Hill CDC & Hill DC & Hill DCG,none,YES,no,X,Centre Ave,likely interior (Centre Ave only),Illustrative only: interior about 5x126 ft (RM-M 25/25/25/10); not computed due to conflict,2 (use),withheld: area conflict,1 (terrain),"Not scorable: critical conflict (vacant vs active condemned case); dimensional also material (1,672 vs 4,305 sf across 2,400 sf)",critical conflict,(county_gis_area_sf - assess_lotarea_sf) / assess_lotarea_sf,no,terrain,5/5,G1 assessment record AND County GIS polygon present; G2 district resolved AND use+dimensional rules encoded (or dimensions not applicable because no housing use is permitted); G3 all 4 screening layers queried; G4 PLI violations + condemned datasets queried; G5 parcel in City advertisement + sale regulations captured,
0010R00108000000,Centre Ave,Middle Hill,LNC,Y,2675,2129,36,99,"P (dims Ch. 904, not encoded)",P (dims Ch. 904),Ch. 904 (verify),9,0,2025-01-29,"Active condemned/dead-end CASE associated with parcel (current site condition unverified): Condemned/Dead End, Active, created 2021-02-18",92184.57,30700,Defer: missing or conflicting records,"Vacant land per assessment vs active condemned record; area differs 20%; demolition lien $35,000",Conflict example 2,-20.0,3.0,LNC,Hill CDC & Hill DC & Hill DCG,none,no,no,X,Centre Ave; La Place St,not assessed,not computed,2,withheld: Ch. 904 not encoded,2 (no family flagged in checked layers),Not scorable: current condition unverified (vacant vs condemned case),critical conflict,(county_gis_area_sf - assess_lotarea_sf) / assess_lotarea_sf,no,none,4/5,G1 assessment record AND County GIS polygon present; G2 district resolved AND use+dimensional rules encoded (or dimensions not applicable because no housing use is permitted); G3 all 4 screening layers queried; G4 PLI violations + condemned datasets queried; G5 parcel in City advertisement + sale regulations captured,
0042D00039000000,Walcott St,Esplen,RIV-RM,Y,3000,2991,26,118,Prohibited in RIV-RM,P,Ch. 908 (verify),2,0,2022-11-01,"Active condemned/dead-end CASE associated with parcel (current site condition unverified): Condemned/Dead End, Active, created 2022-10-10",106831.18,24000,Defer: missing or conflicting records,Vacant land per assessment vs active condemned record; only a two-unit path exists,Conflict example 3,-0.0,4.5,RIV-RM,(45 ft max height overlay),none,no,no,X,Florien St; Poplar Way; Walcott St,not assessed,not computed,2 (two-unit only),withheld: Ch. 908 not encoded,2 (no family flagged in checked layers),Not scorable: current condition unverified (vacant vs condemned case),critical conflict,(county_gis_area_sf - assess_lotarea_sf) / assess_lotarea_sf,no,none,4/5,G1 assessment record AND County GIS polygon present; G2 district resolved AND use+dimensional rules encoded (or dimensions not applicable because no housing use is permitted); G3 all 4 screening layers queried; G4 PLI violations + condemned datasets queried; G5 parcel in City advertisement + sale regulations captured,
0010L00127000000,Wylie Ave,Middle Hill,LNC,Y,3115,3590,46,94,P (dims Ch. 904),P (dims Ch. 904),Ch. 904 (verify),7,0,2023-08-15,no,119629.07,15000,Defer: missing or conflicting records (Ch. 904 dimensions not encoded),Uses permitted; LNC dimensions not encoded; area differs 15% (disclose); 7 closed casefiles (56 raw rows),Provenance/history (not in video),15.0,8.0,LNC,Hill CDC & Hill DC & Hill DCG,none,no,YES,X,Wylie Ave; Somers St; Caramel Way,not assessed,not computed,2,withheld: Ch. 904 not encoded,1 (undermining),"Partial: 3 of 4 known (use 2, environment 1); dimensional withheld: Ch. 904 not encoded",area gap 15% disclosed,(county_gis_area_sf - assess_lotarea_sf) / assess_lotarea_sf,no,undermining,4/5,G1 assessment record AND County GIS polygon present; G2 district resolved AND use+dimensional rules encoded (or dimensions not applicable because no housing use is permitted); G3 all 4 screening layers queried; G4 PLI violations + condemned datasets queried; G5 parcel in City advertisement + sale regulations captured,
0081R00122000000,Mossfield St,Garfield,H,Y,7636,5203,40,139,A (Administrator Exception) + 911.04.A.69 slope,Prohibited (Kendall St 58/2026 denied),"3,200 sf (905.02)",0,0,,no,78866.0,35200,Defer: site conditions unknown,"Both area sources exceed 3,200 sf (disclose 32% gap); 911.04.A.69 requires structure on contiguous area under 30% slope, which needs survey",Precedent card: Kendall,-32.0,2.2,H,Bloomfield-Garfield Corporation,none,YES,no,X,Mossfield St; Mora Way,not assessed,not computed,1 (Administrator Exception),withheld: 911.04.A.69 needs survey,1 (terrain),"Partial: 2 of 4 known (use 1, environment 1); dimensional withheld: 911.04.A.69 needs survey","area gap 32% disclosed (both above 3,200)",(county_gis_area_sf - assess_lotarea_sf) / assess_lotarea_sf,YES,terrain,5/5,G1 assessment record AND County GIS polygon present; G2 district resolved AND use+dimensional rules encoded (or dimensions not applicable because no housing use is permitted); G3 all 4 screening layers queried; G4 PLI violations + condemned datasets queried; G5 parcel in City advertisement + sale regulations captured,
0034A00290000000,Platt Ave,Beechview,H,Y,37418,39363,209,286,A + slope,Prohibited,"3,200 sf",0,0,,no,41595.44,262200,Defer: site conditions unknown,Large hillside site; slope and access unknown,Large-site contrast,5.0,0.2,H,none found,none,YES,YES,X,Brookside Ave; Platt Ave,not assessed,not computed,1,withheld: slope survey,"0 (terrain, undermining)","Partial: 1 of 4 known (use 1, environment 0); dimensional withheld: slope survey",large hillside,(county_gis_area_sf - assess_lotarea_sf) / assess_lotarea_sf,YES,terrain; undermining,5/5,G1 assessment record AND County GIS polygon present; G2 district resolved AND use+dimensional rules encoded (or dimensions not applicable because no housing use is permitted); G3 all 4 screening layers queried; G4 PLI violations + condemned datasets queried; G5 parcel in City advertisement + sale regulations captured,
0016N00110000000,Banksville Rd,Beechview,H,Y,13300,13190,106,137,A + slope,Prohibited,"3,200 sf",0,0,,no,60459.09,84000,Defer: site conditions unknown,Commercial-class hillside land; slope and access unknown,Optional,-1.0,0.7,H,none found,none,YES,no,A (partial) + X,Crane Ave; Banksville Rd,not assessed,not computed,1,withheld: slope survey,"0 (terrain, FEMA SFHA)","Partial: 1 of 4 known (use 1, environment 0); dimensional withheld: slope survey",commercial class,(county_gis_area_sf - assess_lotarea_sf) / assess_lotarea_sf,YES,terrain; FEMA SFHA,5/5,G1 assessment record AND County GIS polygon present; G2 district resolved AND use+dimensional rules encoded (or dimensions not applicable because no housing use is permitted); G3 all 4 screening layers queried; G4 PLI violations + condemned datasets queried; G5 parcel in City advertisement + sale regulations captured,
0088R00001000000,Saline St,Squirrel Hill South,P,Y,21780,21095,103,221,P (verify 905.01 site plan review),Prohibited,verify 905.01,0,0,,no,78475.73,145400,Defer: missing or conflicting records (P-district dimensions not encoded),"Single-unit is permitted in P per 911.02, but site plan review and landslide flag apply; community/open-space consideration",Correction of v3 (not 'do not advance'),-3.0,0.5,P,Squirrel Hill Urban Coalition,none,YES,no,X,Saline St,not assessed,not computed,"2 (single-unit, 905.01 site plan)",withheld,1 (terrain),"Partial: 3 of 4 known (use 2, environment 1); dimensional withheld: P dimensions not encoded",open-space context,(county_gis_area_sf - assess_lotarea_sf) / assess_lotarea_sf,YES,terrain,4/5,G1 assessment record AND County GIS polygon present; G2 district resolved AND use+dimensional rules encoded (or dimensions not applicable because no housing use is permitted); G3 all 4 screening layers queried; G4 PLI violations + condemned datasets queried; G5 parcel in City advertisement + sale regulations captured,
0088G00313000A00,Kemper St,Squirrel Hill South,P,Y,10276,4606,67,73,P (verify 905.01),Prohibited,verify 905.01,0,0,,no,72025.63,101200,Defer: missing or conflicting records (P-district dimensions not encoded),"Assessment 10,276 sf vs GIS 4,606 sf disclosed; single-unit permitted in P subject to 905.01 site plan review",Conflict example 4,-55.0,0.7,P,Squirrel Hill Urban Coalition,none,YES,no,X,Kemper St; Quinn Way; Guy St,not assessed,not computed,"2 (single-unit, 905.01 site plan)",withheld: P dimensions (905.01) not encoded,1 (terrain),"Partial: 3 of 4 known (use 2, environment 1); dimensional withheld: P dimensions not encoded","55% area gap is DISCLOSE level (crosses no known threshold); withholding is due to unencoded rules, not the gap",(county_gis_area_sf - assess_lotarea_sf) / assess_lotarea_sf,YES,terrain,4/5,G1 assessment record AND County GIS polygon present; G2 district resolved AND use+dimensional rules encoded (or dimensions not applicable because no housing use is permitted); G3 all 4 screening layers queried; G4 PLI violations + condemned datasets queried; G5 parcel in City advertisement + sale regulations captured,
0075S00108000000,McClure Ave,Marshall-Shadeland,UI,Y,4680,4593,52,91,Prohibited in UI,Prohibited in UI,,5,2,2026-08-21,no,63783.01,24200,Do not advance for housing under stated screening policy,No permitted single or two-unit path in UI,Non-housing route,-2.0,2.6,UI,Marshall-Shadeland Community Group,none,no,no,A (partial) + X,Lecky Ave; McClure Ave; Malden St,not assessed,not computed,0 (no housing use in UI),,1 (FEMA SFHA),Do not advance for housing,no permitted housing use,(county_gis_area_sf - assess_lotarea_sf) / assess_lotarea_sf,no,FEMA SFHA,5/5,G1 assessment record AND County GIS polygon present; G2 district resolved AND use+dimensional rules encoded (or dimensions not applicable because no housing use is permitted); G3 all 4 screening layers queried; G4 PLI violations + condemned datasets queried; G5 parcel in City advertisement + sale regulations captured,
0023E00229000000,Garfield Ave,Central Northside,R1A-VH,N,2200,2235,22,101,P (911.02),Prohibited (R1),0 sf (903.03.E),2,0,2023-08-21,no,7962.78,28800,Out of sale universe: WPRDC candidate not advertised,Appears in WPRDC Treasury Sales but not in the City advertisement of 9/16/2026,Reconciliation example,2.0,0.3,R1A-VH,(North Side Commercial Parking Area overlay),Mexican War Streets Expansion,no,no,X,Alpine Ave; Garfield Ave,not assessed,not computed,2 (single-unit),,2 (no family flagged in checked layers),n/a: not in advertised sale,historic district: Mexican War Streets Expansion,(county_gis_area_sf - assess_lotarea_sf) / assess_lotarea_sf,no,none,4/5,G1 assessment record AND County GIS polygon present; G2 district resolved AND use+dimensional rules encoded (or dimensions not applicable because no housing use is permitted); G3 all 4 screening layers queried; G4 PLI violations + condemned datasets queried; G5 parcel in City advertisement + sale regulations captured,
