sale_no,account,pin,ad_address,upset,pin_match,price_check
2,1040027H00144011200,0027H00144011200,166 N Dithridge St Unit 04,26491.2,True,True
3,1040027L00182 00,0027L00182000000,215 Lytton Ave,75991.96,True,True
4,1040029G00286 00,0029G00286000000,3200 Dawson St,95139.43,True,True
5,1050010F00018 00,0010F00018000000,2308 Webster Ave,63022.62,True,True
7,1050010H00154 00,0010H00154000000,566 Francis St,87679.41,True,True
8,1050010K00052 00,0010K00052000000,2162 Wylie Ave,73654.86,True,True
9,1050010K00204 00,0010K00204000000,643 Lawson St,120388.44,True,True
10,1050010L00127 00,0010L00127000000,0 Wylie Ave,119629.07,True,True
11,1050010L00167 00,0010L00167000000,2446 Wylie Ave,47271.25,True,True
12,1050010R00108 00,0010R00108000000,0 Centre Ave,92184.57,True,True
13,1050010S00005 00,0010S00005000000,0 Centre Ave,89930.41,True,True
14,1070052A00156 00,0052A00156000000,401 N Neville St,42857.81,True,True
15,1070052D00275 00,0052D00275000000,629 Copeland St,26710.3,True,True
20,1100050K00227 00,0050K00227000000,0 Dearborn St,906.06,True,True
21,1100081M00270 00,0081M00270000000,5145 Rosecrest Pl,87619.44,True,True
22,1100081R00122 00,0081R00122000000,0 Mossfield St,78866.0,True,True
23,1120124H00151 00,0124H00151000000,1321 Paulson Ave,134033.68,True,True
25,1120172N00133 00,0172N00133000000,6903 Wiltsie St,73881.43,True,True
26,1120173P00082 00,0173P00082000000,279 Silverton Ave,87597.99,True,True
27,1130175C00342 00,0175C00342000000,7812 Hamilton Ave,113924.25,True,True
28,1130231F00292 00,0231F00292000000,8415 Frankstown Ave,16161.26,True,True
30,1130232E00119 00,0232E00119000000,502 Haverhill St,69663.0,True,True
31,1140052K00208 00,0052K00208000000,1020 Devonshire Rd,81182.76,True,True
33,1140085C00270B3 00,0085C00270B00300,300 N Woodland Rd Unit,62121.49,True,True
35,1140086H00003 00,0086H00003000000,1548 Shady Ave,39283.9,True,True
36,1140087A00190 00,0087A00190000000,5500 Hobart St,59612.14,True,True
37,1140088G00313A 00,0088G00313000A00,0 Kemper St,72025.63,True,True
38,1140088R00001 00,0088R00001000000,0 Saline St,78475.73,True,True
39,1140088R00012 00,0088R00012000000,4621 Saline St,81114.1,True,True
40,1140126D00161 00,0126D00161000000,7090 Thomas Blvd,55536.75,True,True
41,1140126F00057 00,0126F00057000000,6859 Reynolds St,30694.24,True,True
42,1140126J00058 00,0126J00058000000,6808 Linden Ln,45096.58,True,True
43,1140129D00222 00,0129D00222000000,1248 Windermere Dr,31942.27,True,True
44,1140129J00046 00,0129J00046000000,132 Blackmore St,73044.64,True,True
45,1140176N00040 00,0176N00040000000,900 S Braddock Ave,40073.46,True,True
46,1150054M00051 00,0054M00051000000,864 Flemington St,107023.87,True,True
47,1150055B00259A 00,0055B00259000A00,4239 Haldane St,80803.75,True,True
48,1150088F00065 00,0088F00065000000,3421 Beechwood Blvd,33674.07,True,True
49,1160012K00068 00,0012K00068000000,2116 Carey Way,36450.03,True,True
51,1160030A00087 00,0030A00087000000,3024 Mary St,110492.49,True,True
53,1170014C00305 00,0014C00305000000,1006 E Warrington Ave,54485.45,True,True
55,1170014M00076 00,0014M00076000000,1789 Arlington Ave,56686.29,True,True
56,1180014J00217 00,0014J00217000000,518 Cedarhurst St,48646.84,True,True
57,1180014J00218 00,0014J00218000000,520 Cedarhurst St,54044.1,True,True
58,1180014J00219 00,0014J00219000000,522 Cedarhurst St,22015.32,True,True
59,1180014N00100 00,0014N00100000000,0 Michigan St,24083.84,True,True
60,1180015S00066 00,0015S00066000000,0 Michigan St,3168.93,True,True
61,1180033E00163 00,0033E00163000000,113 Duart St,87210.15,True,True
63,1190004G00123 00,0004G00123000000,128 Wyoming St,48513.96,True,True
64,1190034A00290 00,0034A00290000000,0 Platt Ave,41595.44,True,True
65,1190035N00157 00,0035N00157000000,2024 Broadway Ave,74432.82,True,True
66,1190062D00203 00,0062D00203000000,1931 Woodward Ave,57216.63,True,True
67,1190062E00097 00,0062E00097000000,2367 Bensonia Ave,25705.03,True,True
68,1200016N00110 00,0016N00110000000,0 Banksville Rd,60459.09,True,True
69,1200020F00122 00,0020F00122000000,114 Stem St,77877.47,True,True
70,1200042D00039 00,0042D00039000000,0 Walcott St,106831.18,True,True
71,1200042D00205 00,0042D00205000000,118 Saginaw St,93932.16,True,True
72,1200042M00016 00,0042M00016000000,533 Sherwood Ave,71425.57,True,True
73,1200042M00109 00,0042M00109000000,2906 Glen Mawr St,66108.45,True,True
74,1210022P00124 00,0022P00124000000,1400 Pennsylvania Ave,51746.47,True,True
75,1240023H00136 00,0023H00136000000,0 Compromise St,91110.92,True,True
78,1260077N00329 00,0077N00329000000,131 Hawkins Ave,46442.18,True,True
79,1260116P00181 00,0116P00181000000,185 Watson Blvd,75805.1,True,True
80,1270045A00302 00,0045A00302000000,2911 Breker St,79282.82,True,True
81,1270045E00287 00,0045E00287000000,2634 Shadeland Ave,71580.14,True,True
83,1270075S00108 00,0075S00108000000,0 Mcclure Ave,63783.01,True,True
84,1270076A00168 00,0076A00168000000,3516 Diploma St,103370.68,True,True
85,1270076N00384 00,0076N00384000000,3100 Brighton Rd,77021.44,True,True
86,1270114G00098 00,0114G00098000000,3930 Brighton Rd,65223.63,True,True
87,1280018J00268 00,0018J00268000000,2082 Arnold Acres Dr,57332.81,True,True
88,1280040G00273 00,0040G00273000000,4 Elmont St,68623.92,True,True
89,1280070H00051 00,0070H00051000000,94 Berry St,156258.61,True,True
90,1290033R00337 00,0033R00337000000,1138 Brownsville Rd,80283.83,True,True
93,1300014R00172 00,0014R00172000000,89 Amanda Ave,45161.36,True,True
94,1310091E00023 00,0091E00023000000,297 Baldwin Rd,73937.35,True,True
95,1310131N00031 00,0131N00031000000,0 Benezet St,1433.76,True,True
96,1320095N00019 00,0095N00019000000,2361 Glenbury St,73158.56,True,True
