district,single_unit_permission,two_unit_permission,min_lot_sf,front_setback_ft,rear_setback_ft,exterior_side_ft,interior_side_ft,dimensions_applicable,dimensions_encoded,site_standard_blocks_dimensional,use_citation,dimensional_citation,site_standard,rules_as_of,amended_by
R1D-L,P,PROHIBITED,3000,30,30,30,5,Y,Y,N,911.02,903.03.B.2,915.02 grading; 906.08 SS-O if slope>=25%; per-unit density minimum repealed by Ord. 10-2025,2026-09-16,Ord. 10-2025 (Bill 2025-1579) eff. 2025-05-07
R1D-H,P,PROHIBITED,1200,15,15,15,5,Y,Y,N,911.02,903.03.D.2,915.02 grading; 906.08 SS-O if slope>=25%; attached P/S per 911.04.A.69A; per-unit density minimum repealed by Ord. 10-2025,2026-09-16,Ord. 10-2025 (Bill 2025-1579) eff. 2025-05-07
R1A-VH,P,PROHIBITED,0,5,15,5,5,Y,Y,N,911.02,903.03.E.2,no minimum lot size (row deleted by Ord. 10-2025); 915.02 grading,2026-09-16,Ord. 10-2025 (Bill 2025-1579) eff. 2025-05-07
R2-H,P,P,1200,15,15,15,5,Y,Y,N,911.02,903.03.D.2,915.02 grading; 906.08 SS-O if slope>=25%; 906.05 UM-O limits >single-unit structures; per-unit density minimum repealed by Ord. 10-2025,2026-09-16,Ord. 10-2025 (Bill 2025-1579) eff. 2025-05-07
RM-M,P,P,2400,25,25,25,10,Y,Y,N,911.02,903.03.C.2,915.02 grading; 906.08 SS-O if slope>=25%; per-unit density minimum repealed by Ord. 10-2025,2026-09-16,Ord. 10-2025 (Bill 2025-1579) eff. 2025-05-07
H,A,PROHIBITED,3200,,,,,Y,Y,Y,911.02,905.02.C,911.04.A.69 survey-dependent slope/soils/access/utility conditions; clearing cap max(10%/2400 sf) per 911.04.A.69(b); 50% max disturbance; setbacks none per 905.02.C; site plan review 905.02.C.3,2026-09-16,Ord. 40-2005 eff. 2005-12-30 (no later amendment found)
P,P,PROHIBITED,3200,30,20,20,5,Y,Y,N,911.02,905.01.C,Site plan review for lots >=2400 sf (905.01.D.1(a)); FAR 1:1,2026-09-16,Ord. 40-2005 eff. 2005-12-30 (no later amendment found)
LNC,P,P,0,0,20,0,0,Y,Y,N,911.02,904.02.C,Rear 20 ft only when not adjacent to a way; site plan review for lots >=2400 sf (904.02.D); Ch. 916 compatibility,2026-09-16,Ord. 45-2003 eff. 2003-12-31 (no later amendment found)
UI,PROHIBITED,PROHIBITED,,,,,,N,N,N,911.02,,Neither housing use permitted (Multi-Unit is S in UI),2026-09-16,Use table through Ord. 18-2026 eff. 2026-06-11
RIV-RM,PROHIBITED,P,,,5,,,Y,N,N,911.02,905.04.E,Build-to zone 0-10 ft; rear 5 ft (2 ft at a way); min height 24 ft; 125 ft riparian buffer; not encoded in v1,2026-09-16,Ord. 18-2023 eff. 2023-09-13
