pin,address,nbhd,ward,sale_date,sale_flag,total_tax_due,demo_cost_due,lat,lon,classdesc,usedesc,lotarea,fm_land,fm_bldg,yearblt,zon_code,zoning_full,landslide_prone,asof,delq_prior_years,delq_current,delq_prior,pli_event_rows
0014C00305000000,"1006 E WARRINGTON AVE, PITTSBURGH, PA 15210",South Side Slopes,17,2026-10-02,Y,54485.45,0,40.42179489241628,-79.98797389447935,RESIDENTIAL,SINGLE FAMILY,1232,18700,82800,1900.0,R1A-VH,SINGLE-UNIT ATTACHED RESIDENTIAL VERY HIGH DENSITY,False,2026-09-01,,,,
0001N00095000000,"237 BIGHAM ST, PITTSBURGH, PA 15211",Mount Washington,19,2026-10-02,N,56689.82,0,40.43329511836074,-80.0148602203235,RESIDENTIAL,TWO FAMILY,2500,19500,72300,1925.0,R1D-H,SINGLE-UNIT DETACHED RESIDENTIAL HIGH DENSITY,False,2026-09-01,,,,
0004G00123000000,"128 WYOMING ST, PITTSBURGH, PA 15211",Mount Washington,19,2026-10-02,Y,48513.96,0,40.43053521990189,-80.00668565218841,RESIDENTIAL,FOUR FAMILY,3161,21200,184600,1930.0,R2-H,TWO-UNIT RESIDENTIAL HIGH DENSITY,False,2026-09-01,,,,
0042M00109000000,"2906 GLEN MAWR ST, PITTSBURGH, PA 15204",Sheraden,20,2026-10-02,Y,66108.45,0,40.455530280669166,-80.0513098474524,COMMERCIAL,RETL/APT'S OVER,5000,22500,66100,,R1D-H,SINGLE-UNIT DETACHED RESIDENTIAL HIGH DENSITY,False,2026-09-01,,,,
0042D00205000000,"118 SAGINAW ST, PITTSBURGH, PA 15204",Esplen,20,2026-10-02,Y,93932.16,0,40.46059281527983,-80.05041340039939,RESIDENTIAL,TWO FAMILY,2500,22500,36300,1900.0,RIV-RM,RIVERFRONT MIXED RESIDENTIAL,False,2026-09-01,,,,
0042D00039000000,"WALCOTT ST, PITTSBURGH, PA 15204",Esplen,20,2026-10-02,Y,106831.18,4450,40.46191221791264,-80.05287484403662,RESIDENTIAL,VACANT LAND,3000,24000,0,,RIV-RM,RIVERFRONT MIXED RESIDENTIAL,False,2026-09-01,19.0,501.05,31606.81,8.0
0020F00122000000,"114 STEM ST, PITTSBURGH, PA 15220",Elliott,20,2026-10-02,Y,77877.47,0,40.4490792899542,-80.04228965641929,RESIDENTIAL,TWO FAMILY,5000,14000,79900,1900.0,R1D-L,SINGLE-UNIT DETACHED RESIDENTIAL LOW DENSITY,False,2026-09-01,,,,
0042M00016000000,"533 SHERWOOD AVE, PITTSBURGH, PA 15204",Sheraden,20,2026-10-02,Y,71425.57,0,40.45543041442488,-80.05308807922981,RESIDENTIAL,SINGLE FAMILY,4576,13400,70400,1900.0,R1D-H,SINGLE-UNIT DETACHED RESIDENTIAL HIGH DENSITY,False,2026-09-01,,,,
0070H00051000000,"94 BERRY ST, PITTSBURGH, PA 15205",Windgap,28,2026-10-02,Y,156258.61,0,40.449134320691776,-80.0668396772932,RESIDENTIAL,SINGLE FAMILY,30348,18300,79900,1917.0,R2-L,TWO-UNIT RESIDENTIAL LOW DENSITY,False,2026-09-01,,,,
0018J00268000000,"2082 ARNOLD ACRES DR, PITTSBURGH, PA 15205",Westwood,28,2026-10-02,Y,57332.81,0,40.4268809015115,-80.04816648576195,RESIDENTIAL,SINGLE FAMILY,7680,16200,72000,1957.0,R1D-L,SINGLE-UNIT DETACHED RESIDENTIAL LOW DENSITY,False,2026-09-01,,,,
0040G00273000000,"4 ELMONT ST, PITTSBURGH, PA 15205",Crafton Heights,28,2026-10-02,Y,68623.92,0,40.43886564247458,-80.05626355369155,RESIDENTIAL,SINGLE FAMILY,2500,12000,82400,1911.0,R2-L,TWO-UNIT RESIDENTIAL LOW DENSITY,False,2026-09-01,,,,
0231N00229000000,"8054 BENNETT ST, PITTSBURGH, PA 15221",East Hills,13,2026-10-02,N,35461.49,0,40.45428040619731,-79.88234093514201,COMMERCIAL,COMMERCIAL GARAGE,23915,34700,14000,,NDI,NEIGHBORHOOD INDUSTRIAL,False,2026-09-01,,,,
0232E00119000000,"502 HAVERHILL ST, PITTSBURGH, PA 15221",East Hills,13,2026-10-02,Y,69663.0,0,40.44981523684282,-79.88026927987096,RESIDENTIAL,SINGLE FAMILY,3300,4200,48900,1967.0,RM-M,MULTI-UNIT RESIDENTIAL MODERATE DENSITY,False,2026-09-01,,,,
0175C00342000000,"7812 HAMILTON AVE, PITTSBURGH, PA 15208",Homewood South,13,2026-10-02,Y,113924.25,0,40.45210814119245,-79.88709062071506,COMMERCIAL,COMMERCIAL GARAGE,3515,10200,67600,,RM-M,MULTI-UNIT RESIDENTIAL MODERATE DENSITY,False,2026-09-01,,,,
0231F00292000000,"8415 FRANKSTOWN AVE, PITTSBURGH, PA 15235",East Hills,13,2026-10-02,Y,16161.26,0,40.45768669212832,-79.87718642623494,RESIDENTIAL,TWO FAMILY,7158,4200,67000,1880.0,R2-L,TWO-UNIT RESIDENTIAL LOW DENSITY,False,2026-09-01,,,,
0086H00003000000,"1548 SHADY AVE, PITTSBURGH, PA 15217",Squirrel Hill North,14,2026-10-02,Y,39283.9,0,40.44040462005706,-79.91990435345667,RESIDENTIAL,SINGLE FAMILY,4791,137100,325500,1900.0,R2-L,TWO-UNIT RESIDENTIAL LOW DENSITY,False,2026-09-01,,,,
0126J00058000000,"6808 LINDEN LN, PITTSBURGH, PA 15208",Point Breeze,14,2026-10-02,Y,45096.58,0,40.44715361884892,-79.91478860573258,RESIDENTIAL,SINGLE FAMILY,5900,100200,147600,1950.0,R1D-L,SINGLE-UNIT DETACHED RESIDENTIAL LOW DENSITY,False,2026-09-01,,,,
0126F00057000000,"6859 REYNOLDS ST, PITTSBURGH, PA 15208",Point Breeze,14,2026-10-02,Y,30694.24,0,40.449256825393725,-79.91082058450405,RESIDENTIAL,SINGLE FAMILY,6769,100400,305900,1938.0,R1D-VL,SINGLE-UNIT DETACHED RESIDENTIAL VERY LOW DENSITY,False,2026-09-01,,,,
0126D00161000000,"7090 THOMAS BLVD, PITTSBURGH, PA 15208",Point Breeze North,14,2026-10-02,Y,55536.75,0,40.451563566789645,-79.90280162548025,RESIDENTIAL,SINGLE FAMILY,9536,40400,449200,2021.0,R1D-L,SINGLE-UNIT DETACHED RESIDENTIAL LOW DENSITY,False,2026-09-01,,,,
0088R00012000000,"4621 SALINE ST, PITTSBURGH, PA 15217",Squirrel Hill South,14,2026-10-02,Y,81114.1,0,40.41602649938824,-79.92347881194054,RESIDENTIAL,SINGLE FAMILY,5908,140300,32500,1911.0,P,PARKS AND OPEN SPACE,True,2026-09-01,,,,
0129D00222000000,"1248 WINDERMERE DR, PITTSBURGH, PA 15218",Swisshelm Park,14,2026-10-02,N,31942.27,0,40.42246738369417,-79.90177520507532,RESIDENTIAL,SINGLE FAMILY,6300,90300,167300,1954.0,R1D-L,SINGLE-UNIT DETACHED RESIDENTIAL LOW DENSITY,False,2026-09-01,,,,
0129J00046000000,"132 BLACKMORE ST, PITTSBURGH, PA 15217",Swisshelm Park,14,2026-10-02,N,73044.64,0,40.416805097186575,-79.91486954166781,RESIDENTIAL,SINGLE FAMILY,2342,102800,26700,1910.0,R2-L,TWO-UNIT RESIDENTIAL LOW DENSITY,True,2026-09-01,,,,
0088R00001000000,"SALINE ST, PITTSBURGH, PA 15217",Squirrel Hill South,14,2026-10-02,Y,78475.73,0,40.41625443083451,-79.92397265403457,RESIDENTIAL,VACANT LAND,21780,145400,0,,P,PARKS AND OPEN SPACE,True,2026-09-01,19.0,3035.52,36666.73,0.0
0088G00313000A00,"KEMPER ST, PITTSBURGH, PA 15217",Squirrel Hill South,14,2026-10-02,Y,72025.63,0,40.42012078090212,-79.9205084567719,RESIDENTIAL,VACANT LAND,10276,101200,0,,P,PARKS AND OPEN SPACE,True,2026-09-01,19.0,2112.75,30363.68,0.0
0085C00270B00300,"300 N WOODLAND RD UNIT 3B, PITTSBURGH, PA 15232",Squirrel Hill North,14,2026-10-02,N,62121.49,0,40.45120574850968,-79.92302994021942,RESIDENTIAL,CONDOMINIUM,0,0,365500,1985.0,RP,RESIDENTIAL PLANNED UNIT DEVELOPMENT,False,2026-09-01,,,,
0085F00130000000,"1025 MURRAY HILL AVE, PITTSBURGH, PA 15217",Squirrel Hill North,14,2026-10-02,N,58165.36,0,40.44953864069981,-79.9277573728178,RESIDENTIAL,SINGLE FAMILY,2783,85000,400000,1900.0,R1D-L,SINGLE-UNIT DETACHED RESIDENTIAL LOW DENSITY,False,2026-09-01,,,,
0176N00040000000,"900 S BRADDOCK AVE, PITTSBURGH, PA 15221",Regent Square,14,2026-10-02,Y,40073.46,0,40.43564765796835,-79.8962702607725,RESIDENTIAL,SINGLE FAMILY,4980,89800,100000,1920.0,R1D-M,SINGLE-UNIT DETACHED RESIDENTIAL MODERATE DENSITY,False,2026-09-01,,,,
0091E00023000000,"297 BALDWIN RD, PITTSBURGH, PA 15207",Hays,31,2026-10-02,Y,73937.35,0,40.38983645959056,-79.93257836769163,RESIDENTIAL,SINGLE FAMILY,2284,8700,54200,1924.0,GI,GENERAL INDUSTRIAL,False,2026-09-01,,,,
0131N00031000000,"BENEZET ST, PITTSBURGH, PA 15120",New Homestead,31,2026-10-02,Y,1433.76,0,40.3959935657788,-79.9156057371907,RESIDENTIAL,VACANT LAND,5500,1600,0,,R1D-L,SINGLE-UNIT DETACHED RESIDENTIAL LOW DENSITY,False,2026-09-01,15.0,33.4,455.98,0.0
0052A00156000000,"401 N NEVILLE ST, PITTSBURGH, PA 15213",Shadyside,7,2026-10-02,N,42857.81,0,40.45144707807572,-79.94881996452833,RESIDENTIAL,SINGLE FAMILY,7200,125000,175000,1910.0,RM-M,MULTI-UNIT RESIDENTIAL MODERATE DENSITY,False,2026-09-01,,,,
0085A00182000000,"735 S NEGLEY AVE, PITTSBURGH, PA 15232",Shadyside,7,2026-10-02,N,46540.42,0,40.45225506780321,-79.93079538978037,RESIDENTIAL,FOUR FAMILY,3151,163000,223900,1920.0,R2-M,TWO-UNIT RESIDENTIAL MODERATE DENSITY,False,2026-09-01,,,,
0052G00001000000,"704 AMBERSON AVE, PITTSBURGH, PA 15232",Shadyside,7,2026-10-02,N,144596.47,0,40.450328667211615,-79.94078119930253,RESIDENTIAL,SINGLE FAMILY,15150,184200,848400,1900.0,R1D-VL,SINGLE-UNIT DETACHED RESIDENTIAL VERY LOW DENSITY,False,2026-09-01,,,,
0084N00358000000,"645 MARYLAND AVE, PITTSBURGH, PA 15232",Shadyside,7,2026-10-02,N,35122.86,0,40.455137397021446,-79.9298723097257,RESIDENTIAL,SINGLE FAMILY,4960,130000,110000,1894.0,R2-M,TWO-UNIT RESIDENTIAL MODERATE DENSITY,False,2026-09-01,,,,
0052D00275000000,"629 COPELAND ST, PITTSBURGH, PA 15232",Shadyside,7,2026-10-02,Y,26710.3,0,40.45229573760716,-79.9352155047574,RESIDENTIAL,SINGLE FAMILY,2500,150000,226000,1870.0,R2-M,TWO-UNIT RESIDENTIAL MODERATE DENSITY,False,2026-09-01,,,,
0084M00374000000,"174 REIZENSTEIN WAY, PITTSBURGH, PA 15206",Shadyside,7,2026-10-02,N,64466.41,0,40.45680401315794,-79.9186099502427,RESIDENTIAL,TOWNHOUSE,3806,158500,373500,2017.0,SP-9,BAKERY SQUARE,False,2026-09-01,,,,
0050K00227000000,"DEARBORN ST, PITTSBURGH, PA 15224",Garfield,10,2026-10-02,Y,906.06,0,40.46600908291149,-79.94299040572636,RESIDENTIAL,VACANT LAND,2000,800,0,,R1D-H,SINGLE-UNIT DETACHED RESIDENTIAL HIGH DENSITY,False,2026-09-01,10.0,16.71,148.03,21.0
0081R00122000000,"MOSSFIELD ST, PITTSBURGH, PA 15224",Garfield,10,2026-10-02,Y,78866.0,0,40.47284308363047,-79.93842952677883,RESIDENTIAL,VACANT LAND,7636,35200,0,,H,HILLSIDE,True,2026-09-01,19.0,734.87,25963.14,0.0
0081M00270000000,"5145 ROSECREST PL, PITTSBURGH, PA 15201",Stanton Heights,10,2026-10-02,N,87619.44,0,40.47529887303768,-79.93569785205925,RESIDENTIAL,SINGLE FAMILY,5940,23100,120200,1970.0,R1D-L,SINGLE-UNIT DETACHED RESIDENTIAL LOW DENSITY,False,2026-09-01,,,,
0124S00101000000,"915 LINCOLN AVE, PITTSBURGH, PA 15206",Lincoln-Lemington-Belmar,12,2026-10-02,N,110792.77,0,40.463901160906325,-79.90276484359774,INDUSTRIAL,WAREHOUSE,5254,12300,32900,,LNC,LOCAL NEIGHBORHOOD COMMERCIAL,False,2026-09-01,,,,
0173P00082000000,"279 SILVERTON AVE, PITTSBURGH, PA 15206",Lincoln-Lemington-Belmar,12,2026-10-02,Y,87597.99,0,40.46376083502224,-79.8915127694643,RESIDENTIAL,SINGLE FAMILY,2375,10300,47200,1955.0,R1D-L,SINGLE-UNIT DETACHED RESIDENTIAL LOW DENSITY,False,2026-09-01,,,,
0124H00151000000,"1321 PAULSON AVE, PITTSBURGH, PA 15206",Lincoln-Lemington-Belmar,12,2026-10-02,Y,134033.68,0,40.46937519115449,-79.90054010609187,RESIDENTIAL,THREE FAMILY,6000,4100,165200,1970.0,RM-M,MULTI-UNIT RESIDENTIAL MODERATE DENSITY,False,2026-09-01,,,,
0172N00133000000,"6903 WILTSIE ST, PITTSBURGH, PA 15206",Lincoln-Lemington-Belmar,12,2026-10-02,Y,73881.43,0,40.47397735662637,-79.897455012643,RESIDENTIAL,SINGLE FAMILY,9072,4400,55400,1950.0,R1D-L,SINGLE-UNIT DETACHED RESIDENTIAL LOW DENSITY,True,2026-09-01,,,,
0030A00087000000,"3024 MARY ST, PITTSBURGH, PA 15203",South Side Slopes,16,2026-10-02,Y,110492.49,0,40.422243609907405,-79.96512899750115,RESIDENTIAL,SINGLE FAMILY,2093,63800,54100,1890.0,H,HILLSIDE,True,2026-09-01,,,,
0013G00066000000,"941 ELEANOR ST, PITTSBURGH, PA 15203",South Side Slopes,16,2026-10-02,N,73077.59,0,40.42102327564064,-79.97235543309232,RESIDENTIAL,SINGLE FAMILY,2206,21600,54400,1890.0,R1D-H,SINGLE-UNIT DETACHED RESIDENTIAL HIGH DENSITY,True,2026-09-01,,,,
0012K00068000000,"2116 CAREY WAY, PITTSBURGH, PA 15203",South Side Flats,16,2026-10-02,Y,36450.03,0,40.42788693335446,-79.97559123484235,RESIDENTIAL,SINGLE FAMILY,1200,66600,286100,1910.0,R1A-VH,SINGLE-UNIT ATTACHED RESIDENTIAL VERY HIGH DENSITY,False,2026-09-01,,,,
0014M00076000000,"1789 ARLINGTON AVE, PITTSBURGH, PA 15210",South Side Slopes,17,2026-10-02,Y,56686.29,0,40.417994122181504,-79.98309559680398,RESIDENTIAL,SINGLE FAMILY,5668,30100,60300,1920.0,R2-M,TWO-UNIT RESIDENTIAL MODERATE DENSITY,False,2026-09-01,,,,
0014H00051000000,"2651 S 18TH ST, PITTSBURGH, PA 15210",South Side Slopes,17,2026-10-02,N,65698.12,0,40.419993127690525,-79.98649341535598,RESIDENTIAL,THREE FAMILY,3069,24200,52600,1900.0,H,HILLSIDE,True,2026-09-01,,,,
0013A00233000000,"1932 BALDAUF ST, PITTSBURGH, PA 15203",South Side Slopes,17,2026-10-02,N,63727.47,0,40.42273710906188,-79.97960477090201,RESIDENTIAL,SINGLE FAMILY,2000,21000,54500,1945.0,R1A-VH,SINGLE-UNIT ATTACHED RESIDENTIAL VERY HIGH DENSITY,True,2026-09-01,,,,
0014J00218000000,"520 CEDARHURST ST, PITTSBURGH, PA 15210",Beltzhoover,18,2026-10-02,Y,54044.1,0,40.418107103634696,-79.99792253854713,RESIDENTIAL,SINGLE FAMILY,3187,3300,32200,1929.0,R2-H,TWO-UNIT RESIDENTIAL HIGH DENSITY,False,2026-09-01,,,,
0014J00219000000,"522 CEDARHURST ST, PITTSBURGH, PA 15210",Beltzhoover,18,2026-10-02,Y,22015.32,0,40.41810949849794,-79.9978353345189,RESIDENTIAL,SINGLE FAMILY,3188,3300,21300,1900.0,R2-H,TWO-UNIT RESIDENTIAL HIGH DENSITY,False,2026-09-01,,,,
0014J00217000000,"518 CEDARHURST ST, PITTSBURGH, PA 15210",Beltzhoover,18,2026-10-02,Y,48646.84,0,40.418109455542925,-79.99801114342742,RESIDENTIAL,SINGLE FAMILY,3188,3300,29700,1906.0,R2-H,TWO-UNIT RESIDENTIAL HIGH DENSITY,False,2026-09-01,,,,
0015S00066000000,"MICHIGAN ST, PITTSBURGH, PA 15210",Beltzhoover,18,2026-10-02,Y,3168.93,0,40.41569584187625,-80.00019786468377,RESIDENTIAL,VACANT LAND,3000,1200,0,,R2-H,TWO-UNIT RESIDENTIAL HIGH DENSITY,False,2026-09-01,19.0,25.05,557.56,16.0
0014N00100000000,"MICHIGAN ST, PITTSBURGH, PA 15210",Beltzhoover,18,2026-10-02,N,24083.84,5800,40.4161332017064,-79.9992507541535,RESIDENTIAL,VACANT LAND,2562,3000,0,,R2-H,TWO-UNIT RESIDENTIAL HIGH DENSITY,False,2026-09-01,19.0,62.63,3719.85,6.0
0033E00163000000,"113 DUART ST, PITTSBURGH, PA 15210",Bon Air,18,2026-10-02,Y,87210.15,0,40.40976313717864,-79.99740457212852,RESIDENTIAL,SINGLE FAMILY,7500,20200,44100,1900.0,R1D-L,SINGLE-UNIT DETACHED RESIDENTIAL LOW DENSITY,False,2026-09-01,,,,
0062D00203000000,"1931 WOODWARD AVE, PITTSBURGH, PA 15226",Brookline,19,2026-10-02,Y,57216.63,0,40.40368026839016,-80.01716791767403,RESIDENTIAL,SINGLE FAMILY,3000,20800,61900,1909.0,R1D-H,SINGLE-UNIT DETACHED RESIDENTIAL HIGH DENSITY,False,2026-09-01,,,,
0062E00097000000,"2367 BENSONIA AVE, PITTSBURGH, PA 15216",Beechview,19,2026-10-02,Y,25705.03,0,40.400759545672,-80.0296043086803,RESIDENTIAL,SINGLE FAMILY,3300,16600,58500,1935.0,R1D-M,SINGLE-UNIT DETACHED RESIDENTIAL MODERATE DENSITY,False,2026-09-01,,,,
0034A00290000000,"PLATT AVE, PITTSBURGH, PA 15216",Beechview,19,2026-10-02,Y,41595.44,0,40.41147557574024,-80.0158700608059,RESIDENTIAL,VACANT LAND,37418,262200,0,,H,HILLSIDE,True,2026-09-01,6.0,5473.95,29252.29,0.0
0035N00157000000,"2024 BROADWAY AVE, PITTSBURGH, PA 15216",Beechview,20,2026-10-02,Y,74432.82,0,40.406077315922005,-80.02963116317245,RESIDENTIAL,FOUR FAMILY,34100,22600,79300,1950.0,R1D-H,SINGLE-UNIT DETACHED RESIDENTIAL HIGH DENSITY,False,2026-09-01,,,,
0016N00110000000,"BANKSVILLE RD, PITTSBURGH, PA 15216",Beechview,20,2026-10-02,Y,60459.09,0,40.41597464026943,-80.02946072294715,COMMERCIAL,VACANT COMMERCIAL LAND,13300,84000,0,,H,HILLSIDE,True,2026-09-01,17.0,1753.67,27044.99,0.0
0033R00337000000,"1138 BROWNSVILLE RD, PITTSBURGH, PA 15210",Carrick,29,2026-10-02,N,80283.83,0,40.40430623537706,-79.99073813686407,COMMERCIAL,OFFICE/APARTMENTS OVER,3625,25900,46100,,HC,HIGHWAY COMMERCIAL,False,2026-09-01,,,,
0095M00032000000,"19 CARRICK AVE, PITTSBURGH, PA 15210",Carrick,29,2026-10-02,N,57436.73,0,40.387813355124734,-79.98331972092475,RESIDENTIAL,SINGLE FAMILY,6650,16200,59500,1940.0,R1D-L,SINGLE-UNIT DETACHED RESIDENTIAL LOW DENSITY,False,2026-09-01,,,,
0060L00238000000,"1800 BROWNSVILLE RD, PITTSBURGH, PA 15210",Carrick,29,2026-10-02,N,17185.98,0,40.39713524358751,-79.98818820753473,COMMERCIAL,RETL/APT'S OVER,4260,23200,46800,,LNC,LOCAL NEIGHBORHOOD COMMERCIAL,False,2026-09-01,,,,
0014R00172000000,"89 AMANDA AVE, PITTSBURGH, PA 15210",Knoxville,30,2026-10-02,Y,45161.36,0,40.41486637754193,-79.98834041950686,COMMERCIAL,OFFICE/APARTMENTS OVER,2400,22200,53000,,LNC,LOCAL NEIGHBORHOOD COMMERCIAL,False,2026-09-01,,,,
0095N00019000000,"2361 GLENBURY ST, PITTSBURGH, PA 15234",Overbrook,32,2026-10-02,Y,73158.56,0,40.385368330775485,-79.99921071629745,RESIDENTIAL,SINGLE FAMILY,8382,30300,47800,1950.0,R1D-M,SINGLE-UNIT DETACHED RESIDENTIAL MODERATE DENSITY,False,2026-09-01,,,,
0001D00259C70300,"301 5TH AVE UNIT 703, PITTSBURGH, PA 15222",Central Business District,2,2026-10-02,N,71677.09,0,40.44079643476472,-79.9997116015908,RESIDENTIAL,CONDOMINIUM,1439,0,509300,2008.0,GT-A,GOLDEN TRIANGLE DISTRICT A,False,2026-09-01,,,,
0022P00124000000,"1400 PENNSYLVANIA AVE, PITTSBURGH, PA 15233",Manchester,21,2026-10-02,Y,51746.47,0,40.454321749039366,-80.0265864555139,RESIDENTIAL,THREE FAMILY,9275,40400,391500,1869.0,R1A-H,SINGLE-UNIT ATTACHED RESIDENTIAL HIGH DENSITY,False,2026-09-01,,,,
0023H00136000000,"COMPROMISE ST, PITTSBURGH, PA 15212",Fineview,24,2026-10-02,Y,91110.92,0,40.45996826513288,-80.00075137094525,RESIDENTIAL,SINGLE FAMILY,2568,13600,43600,1900.0,H,HILLSIDE,True,2026-09-01,,,,
0046N00351000000,"512 MCCLINTOCK AVE, PITTSBURGH, PA 15214",Perry South,25,2026-10-02,N,129903.91,0,40.46303189026676,-80.01458328375992,RESIDENTIAL,SINGLE FAMILY,8280,30300,60500,1888.0,R1D-H,SINGLE-UNIT DETACHED RESIDENTIAL HIGH DENSITY,False,2026-09-01,,,,
0023E00229000000,"GARFIELD AVE, PITTSBURGH, PA 15212",Central Northside,25,2026-10-02,N,7962.78,0,40.45774059756059,-80.01256030181486,RESIDENTIAL,VACANT LAND,2200,28800,0,,R1A-VH,SINGLE-UNIT ATTACHED RESIDENTIAL VERY HIGH DENSITY,False,2026-09-01,9.0,601.26,4830.06,2.0
0116P00181000000,"185 WATSON BLVD, PITTSBURGH, PA 15214",Perry North,26,2026-10-02,Y,75805.1,0,40.48289869964379,-80.01034682994622,RESIDENTIAL,SINGLE FAMILY,13750,20800,55900,1910.0,R1D-L,SINGLE-UNIT DETACHED RESIDENTIAL LOW DENSITY,False,2026-09-01,,,,
0077N00329000000,"131 HAWKINS AVE, PITTSBURGH, PA 15214",Perry South,26,2026-10-02,Y,46442.18,0,40.47221890062287,-80.01424435698122,RESIDENTIAL,SINGLE FAMILY,2354,13200,60700,1920.0,R1D-H,SINGLE-UNIT DETACHED RESIDENTIAL HIGH DENSITY,False,2026-09-01,,,,
0045N00305000000,"2334 CALIFORNIA AVE, PITTSBURGH, PA 15212",Marshall-Shadeland,27,2026-10-02,N,76307.58,0,40.46331529259184,-80.03132812995838,RESIDENTIAL,SINGLE FAMILY,4568,19100,54200,1891.0,R1A-VH,SINGLE-UNIT ATTACHED RESIDENTIAL VERY HIGH DENSITY,False,2026-09-01,,,,
0045E00287000000,"2634 SHADELAND AVE, PITTSBURGH, PA 15212",Marshall-Shadeland,27,2026-10-02,Y,71580.14,0,40.46827458238164,-80.02967047365085,RESIDENTIAL,TWO FAMILY,1892,13800,70700,1925.0,R1D-H,SINGLE-UNIT DETACHED RESIDENTIAL HIGH DENSITY,False,2026-09-01,,,,
0076A00168000000,"3516 DIPLOMA ST, PITTSBURGH, PA 15212",Brighton Heights,27,2026-10-02,Y,103370.68,0,40.47992589735584,-80.02993601445219,RESIDENTIAL,SINGLE FAMILY,7200,20200,50900,1900.0,R1D-M,SINGLE-UNIT DETACHED RESIDENTIAL MODERATE DENSITY,False,2026-09-01,,,,
0075S00108000000,"MCCLURE AVE, PITTSBURGH, PA 15212",Marshall-Shadeland,27,2026-10-02,Y,63783.01,0,40.47451806356285,-80.03467483529809,COMMERCIAL,VACANT COMMERCIAL LAND,4680,24200,0,,UI,URBAN INDUSTRIAL,False,2026-09-01,15.0,505.22,23670.6,16.0
0114G00098000000,"3930 BRIGHTON RD, PITTSBURGH, PA 15212",Brighton Heights,27,2026-10-02,Y,65223.63,0,40.48746624650747,-80.03863971934393,RESIDENTIAL,SINGLE FAMILY,5400,26000,82000,1925.0,R1D-M,SINGLE-UNIT DETACHED RESIDENTIAL MODERATE DENSITY,False,2026-09-01,,,,
0045A00302000000,"2911 BREKER ST, PITTSBURGH, PA 15212",Marshall-Shadeland,27,2026-10-02,Y,79282.82,0,40.4711418132842,-80.02969236266247,RESIDENTIAL,SINGLE FAMILY,3450,16900,53900,1918.0,R1D-H,SINGLE-UNIT DETACHED RESIDENTIAL HIGH DENSITY,False,2026-09-01,,,,
0076N00384000000,"3100 BRIGHTON RD, PITTSBURGH, PA 15212",Marshall-Shadeland,27,2026-10-02,Y,77021.44,0,40.47395645041494,-80.02882784359068,COMMERCIAL,OFFICE/APARTMENTS OVER,4672,24200,108000,,LNC,LOCAL NEIGHBORHOOD COMMERCIAL,False,2026-09-01,,,,
0087A00190000000,"5500 HOBART ST, PITTSBURGH, PA 15217",Squirrel Hill South,14,2026-10-02,N,59612.14,0,40.432011530210005,-79.93026175894147,RESIDENTIAL,SINGLE FAMILY,14000,91900,383100,1925.0,RM-M,MULTI-UNIT RESIDENTIAL MODERATE DENSITY,False,2026-09-01,,,,
0052K00208000000,"1020 DEVONSHIRE RD, PITTSBURGH, PA 15213",Squirrel Hill North,14,2026-10-02,Y,81182.76,0,40.446627334316254,-79.94405826229242,RESIDENTIAL,SINGLE FAMILY,6900,140600,216100,1940.0,R1D-L,SINGLE-UNIT DETACHED RESIDENTIAL LOW DENSITY,False,2026-09-01,,,,
0052L00299000000,"1073 DORSET RD, PITTSBURGH, PA 15213",Squirrel Hill North,14,2026-10-02,N,63349.99,0,40.445597050669456,-79.93759081555022,RESIDENTIAL,SINGLE FAMILY,8525,141100,1014600,1985.0,R1D-VL,SINGLE-UNIT DETACHED RESIDENTIAL VERY LOW DENSITY,False,2026-09-01,,,,
0088F00065000000,"3421 BEECHWOOD BLVD, PITTSBURGH, PA 15217",Greenfield,15,2026-10-02,Y,33674.07,0,40.420420608573366,-79.92775853963715,RESIDENTIAL,SINGLE FAMILY,5250,60000,176300,1915.0,R2-M,TWO-UNIT RESIDENTIAL MODERATE DENSITY,False,2026-09-01,,,,
0054M00051000000,"864 FLEMINGTON ST, PITTSBURGH, PA 15217",Greenfield,15,2026-10-02,Y,107023.87,0,40.42664289767311,-79.93358867518326,RESIDENTIAL,SINGLE FAMILY,2250,32600,71000,1926.0,R1D-H,SINGLE-UNIT DETACHED RESIDENTIAL HIGH DENSITY,False,2026-09-01,,,,
0055B00259000A00,"4239 HALDANE ST, PITTSBURGH, PA 15207",Greenfield,15,2026-10-02,Y,80803.75,0,40.42213061279074,-79.94231411842675,RESIDENTIAL,ROWHOUSE,1700,18900,65500,1892.0,R1D-H,SINGLE-UNIT DETACHED RESIDENTIAL HIGH DENSITY,False,2026-09-01,,,,
0029G00286000000,"3200 DAWSON ST, PITTSBURGH, PA 15213",South Oakland,4,2026-10-02,Y,95139.43,0,40.429900515459934,-79.95389476185235,RESIDENTIAL,SINGLE FAMILY,3600,38700,79000,2001.0,R1A-H,SINGLE-UNIT ATTACHED RESIDENTIAL HIGH DENSITY,False,2026-09-01,,,,
0027L00182000000,"215 LYTTON AVE, PITTSBURGH, PA 15213",North Oakland,4,2026-10-02,Y,75991.96,0,40.447265942677554,-79.95714543082957,RESIDENTIAL,SINGLE FAMILY,6831,160700,362200,1906.0,R1D-VL,SINGLE-UNIT DETACHED RESIDENTIAL VERY LOW DENSITY,False,2026-09-01,,,,
0027H00144011200,"166 N DITHRIDGE ST UNIT 2-K, PITTSBURGH, PA 15213",North Oakland,4,2026-10-02,Y,26491.2,0,40.44856926444067,-79.95122628367136,RESIDENTIAL,CONDOMINIUM,0,0,150900,1928.0,UC-MU,URBAN CENTER MIXED USE,False,2026-09-01,,,,
0010K00204000000,"643 LAWSON ST, PITTSBURGH, PA 15219",Middle Hill,5,2026-10-02,Y,120388.44,0,40.44744203988288,-79.97692773664302,COMMERCIAL,APART: 5-19 UNITS,1715,26900,73900,,LNC,LOCAL NEIGHBORHOOD COMMERCIAL,False,2026-09-01,,,,
0010L00167000000,"2446 WYLIE AVE, PITTSBURGH, PA 15219",Middle Hill,5,2026-10-02,Y,47271.25,0,40.44783860355274,-79.97178079618163,COMMERCIAL,RETL/APT'S OVER,1890,27600,47800,,RM-M,MULTI-UNIT RESIDENTIAL MODERATE DENSITY,False,2026-09-01,,,,
0010G00225000000,"2404 WEBSTER AVE, PITTSBURGH, PA 15219",Middle Hill,5,2026-10-02,N,67025.3,0,40.44884880896514,-79.97379889335987,COMMERCIAL,RETL/APT'S OVER,2579,30300,101700,,RM-M,MULTI-UNIT RESIDENTIAL MODERATE DENSITY,False,2026-09-01,,,,
0010R00108000000,"CENTRE AVE, PITTSBURGH, PA 15219",Middle Hill,5,2026-10-02,Y,92184.57,35000,40.44543823524225,-79.97191162243804,COMMERCIAL,VACANT COMMERCIAL LAND,2675,30700,0,,LNC,LOCAL NEIGHBORHOOD COMMERCIAL,False,2026-09-01,19.0,640.93,22038.25,28.0
0010S00005000000,"CENTRE AVE, PITTSBURGH, PA 15219",Terrace Village,5,2026-10-02,Y,89930.41,0,40.44527283196757,-79.97022717300939,RESIDENTIAL,VACANT LAND,1672,600,0,,RM-M,MULTI-UNIT RESIDENTIAL MODERATE DENSITY,False,2026-09-01,19.0,12.52,26879.43,17.0
0010H00154000000,"566 FRANCIS ST, PITTSBURGH, PA 15219",Middle Hill,5,2026-10-02,Y,87679.41,0,40.4489634632164,-79.96828803817498,RESIDENTIAL,TWO FAMILY,6480,30100,109900,1920.0,RM-M,MULTI-UNIT RESIDENTIAL MODERATE DENSITY,False,2026-09-01,,,,
0010K00052000000,"2162 WYLIE AVE, PITTSBURGH, PA 15219",Middle Hill,5,2026-10-02,Y,73654.86,0,40.44560085215526,-79.97709093679198,COMMERCIAL,RETL/APT'S OVER,1520,26100,94800,,LNC,LOCAL NEIGHBORHOOD COMMERCIAL,False,2026-09-01,,,,
0010L00127000000,"WYLIE AVE, PITTSBURGH, PA 15219",Middle Hill,5,2026-10-02,Y,119629.07,0,40.447241405113246,-79.97429570765358,COMMERCIAL,VACANT COMMERCIAL LAND,3115,15000,0,,LNC,LOCAL NEIGHBORHOOD COMMERCIAL,False,2026-09-01,16.0,313.16,31536.68,56.0
0010F00018000000,"2308 WEBSTER AVE, PITTSBURGH, PA 15219",Middle Hill,5,2026-10-02,Y,63022.62,0,40.44818002192877,-79.97537806347313,RESIDENTIAL,THREE FAMILY,4122,18200,73000,1900.0,RM-M,MULTI-UNIT RESIDENTIAL MODERATE DENSITY,False,2026-09-01,,,,
